onnx/lindex.onnx,vnnlib/lindex_1.vnnlib,30
onnx/lindex.onnx,vnnlib/lindex_200.vnnlib,30
onnx/lindex.onnx,vnnlib/lindex_400.vnnlib,30
onnx/lindex.onnx,vnnlib/lindex_600.vnnlib,30
onnx/lindex.onnx,vnnlib/lindex_800.vnnlib,30
onnx/lindex.onnx,vnnlib/lindex_1000.vnnlib,30
onnx/lindex.onnx,vnnlib/lindex_3000.vnnlib,30
onnx/lindex.onnx,vnnlib/lindex_5000.vnnlib,30
onnx/lindex.onnx,vnnlib/lindex_7000.vnnlib,30
onnx/lindex.onnx,vnnlib/lindex_9000.vnnlib,30
onnx/lindex.onnx,vnnlib/lindex_10000.vnnlib,30
onnx/lindex.onnx,vnnlib/lindex_60000.vnnlib,40
onnx/lindex_deep.onnx,vnnlib/lindex_1.vnnlib,30
onnx/lindex_deep.onnx,vnnlib/lindex_200.vnnlib,30
onnx/lindex_deep.onnx,vnnlib/lindex_400.vnnlib,30
onnx/lindex_deep.onnx,vnnlib/lindex_600.vnnlib,30
onnx/lindex_deep.onnx,vnnlib/lindex_800.vnnlib,30
onnx/lindex_deep.onnx,vnnlib/lindex_1000.vnnlib,30
onnx/lindex_deep.onnx,vnnlib/lindex_3000.vnnlib,30
onnx/lindex_deep.onnx,vnnlib/lindex_5000.vnnlib,30
onnx/lindex_deep.onnx,vnnlib/lindex_7000.vnnlib,30
onnx/lindex_deep.onnx,vnnlib/lindex_9000.vnnlib,30
onnx/lindex_deep.onnx,vnnlib/lindex_10000.vnnlib,30
onnx/lindex_deep.onnx,vnnlib/lindex_60000.vnnlib,40
